{
  "cols": 26,
  "data": {
    "example-001": [
      -1.236961569389887,
      0.8542138370965905,
      -1.2823631399253286,
      -0.1341235502303649,
      -0.7824402669467341,
      -0.9472328634249355,
      -0.10691387456306556,
      -1.0429266399171007,
      0.3891990444592128,
      -1.0232193062762145,
      0.5591398943887922,
      -1.0256913041948936,
      1.027168535416449,
      -0.7015849949920827,
      0.5818303443015578,
      -0.14298846820921177,
      -0.9995269630766537,
      1.1584504456144158,
      1.4142135623730951,
      1.003149279627395,
      0.7410818975282543,
      0.8197037254664024,
      0.9353793783221918,
      0.9103725811433753,
      0.8276051570398181,
      0.673968503871393
    ],
    "example-002": [
      -0.5950224563940009,
      -0.3143645122695108,
      -0.8283650734137439,
      -0.3514492745786773,
      -0.7987981873661751,
      -0.8449345398313118,
      -0.1928457007607913,
      -1.0682648955221834,
      0.6103051755477806,
      -1.2773555212144732,
      1.0935679118886237,
      -1.4711250301691476,
      1.0937846396712259,
      -0.709912076801775,
      0.4986037037595637,
      -1.2044730230553002,
      0.9380176115027057,
      0.06097107608496935,
      -0.7071067811865475,
      0.05024069071546212,
      0.5907964489970969,
      -0.08125251346794643,
      -0.024236507635397784,
      0.011309538849618833,
      0.012892729216989663,
      0.11179006910440786
    ],
    "example-003": [
      1.9275928921377932,
      0.9963834520045545,
      1.056976573669349,
      0.7868564811389112,
      0.7897271842203213,
      0.5150492199471564,
      0.259541530578353,
      0.5984131225587935,
      -0.26554604653200387,
      0.6092500644733634,
      -0.3745747122663746,
      0.5155758190085743,
      -1.2240349961861556,
      -0.7053103002375452,
      -1.2046188940811964,
      0.03972085903610092,
      -0.9995269630766537,
      -0.3048553804248461,
      -0.7071067811865475,
      -0.5554707942140591,
      -0.759609642562217,
      -0.8916564041974914,
      -0.8928457835896061,
      -0.6370209631686798,
      0.19442163113540314,
      0.6832730884685368
    ],
    "example-004": [
      0.48191808137066916,
      0.9917044910900275,
      1.5567430805253357,
      1.7565570004125635,
      1.8771498358519285,
      1.9376892483765793,
      1.9935663289384107,
      1.8333725657859004,
      1.6212936332489243,
      1.7141377403103608,
      1.1610772938701128,
      1.5463162101091505,
      -1.448409350806022,
      -0.7099573563196522,
      -1.5827173937024381,
      -1.1882730202540062,
      1.0302816388636276,
      -0.3048553804248461,
      -0.7071067811865475,
      -1.9171457500442515,
      -1.9058968921109152,
      -1.68371832336165,
      -1.6943053079509023,
      -1.8691947960154118,
      -2.1527441193270405,
      -2.1868964314129777
    ],
    "example-005": [
      -0.2638008058038033,
      -1.2628556227272725,
      -0.28471763843975023,
      -1.1640213624012505,
      -0.4620647008011293,
      -0.055746703218763155,
      -0.9456363790296537,
      -0.1739095905609558,
      -1.1367699863411485,
      -0.08779717493395696,
      -1.3383306019343963,
      0.34445953777166655,
      0.2627573964200667,
      1.4725510039882475,
      0.8513132755422225,
      1.2576618947483613,
      -0.9995269630766537,
      1.1584504456144158,
      -0.7071067811865475,
      0.7155180133713163,
      0.6279210839973168,
      0.9652661108447786,
      0.6765541765490837,
      0.7027248238566298,
      0.46396350613949633,
      0.2444194880997944
    ],
    "example-006": [
      -0.31372614192077114,
      -1.2650816451943896,
      -0.21827380241586197,
      -0.8938192943411819,
      -0.6235738649582109,
      -0.6048243618487255,
      -1.0077119051632528,
      -0.1466845623444543,
      -1.2184818203827659,
      0.06498419764092066,
      -1.1008797859467576,
      0.09046476747464993,
      0.28873377548443585,
      1.354213724362808,
      0.8555889641802913,
      1.2383517577340568,
      1.0302816388636276,
      -1.768161206464108,
      1.4142135623730951,
      0.703708560544138,
      0.7057071041504633,
      0.8716574047159075,
      0.99945404430463,
      0.881808815334467,
      0.653861095795334,
      0.4734452818688466
    ]
  }
}