{
  "cols": 26,
  "data": {
    "example-001": [
      -1.2148274303825901,
      0.8491377697948438,
      -1.2548216621970065,
      -0.2726637782747162,
      -0.7440647986437647,
      -0.7795027217795975,
      0.010504765249905111,
      -1.0931065853167463,
      0.25143000394544357,
      -1.091914368223529,
      0.5233814680321508,
      -1.0334368607642714,
      1.0177234964482127,
      -0.7018660275075912,
      0.5744669437582677,
      -0.14763630871946312,
      -0.9995269630766537,
      1.3131983079178737,
      1.4142135623730951,
      0.7704724942327223,
      0.7668271818460233,
      1.0706947368472581,
      0.980120420934523,
      1.1339312934350676,
      0.9398835642721242,
      0.6270892512165712
    ],
    "example-002": [
      -0.5760134033750695,
      -0.2640441896674709,
      -0.8036232583325466,
      -0.5147500420736116,
      -0.760186937361524,
      -0.6818965965586683,
      -0.06484900305718992,
      -1.118529135557902,
      0.5088379395013474,
      -1.344203170076495,
      1.1227261585581694,
      -1.4768673763249123,
      1.0842030366034274,
      -0.7104056088485805,
      0.49159152671964657,
      -1.201490729096966,
      0.9380176115027057,
      0.40406101782088416,
      -0.7071067811865475,
      -0.08210597355473981,
      0.6149543042110409,
      0.0748033777784309,
      0.0031845123009889382,
      0.16434852653616025,
      0.10824256051876059,
      0.07323943963071201
    ],
    "example-003": [
      1.9343213569823394,
      0.9845678422286682,
      1.0700920824383529,
      0.7532461341212983,
      0.8054415619041817,
      0.6157077090864839,
      0.33185014932647344,
      0.5536935427070397,
      -0.5108129124208206,
      0.528687959973318,
      -0.5237509307956119,
      0.5008988556522317,
      -1.2288650312200795,
      -0.7056863991444606,
      -1.2044433268610804,
      0.03375967229845328,
      -0.9995269630766537,
      0.10101525445522097,
      -0.7071067811865475,
      -0.6240431286517923,
      -0.7497158026117281,
      -0.8209939953413994,
      -0.8811022160341271,
      -0.5348350150407495,
      0.2935433771579605,
      0.6362559892259166
    ],
    "example-004": [
      0.4956843758214795,
      0.9801106871890373,
      1.5667766871349762,
      1.8334273985286664,
      1.877190194059299,
      1.9730943785963209,
      1.8524195201405564,
      1.7927614162244536,
      1.6858132250191262,
      1.6255437858411332,
      1.198435867492565,
      1.5270037875031333,
      -1.4527794147556823,
      -0.7104520438584471,
      -1.5809462186481935,
      -1.1854071747161423,
      1.0302816388636276,
      0.10101525445522097,
      -0.7071067811865475,
      -1.8423496493138265,
      -1.9081110091120919,
      -1.696516675639456,
      -1.697027212819254,
      -1.8636567527288797,
      -2.1023931693195106,
      -2.19139222617519
    ],
    "example-005": [
      -0.340013760352675,
      -1.394439418193913,
      -0.3680755027120584,
      -0.6617398208382702,
      -0.5607776389873212,
      -0.6628896559045805,
      -1.3697663282496442,
      0.042936241409474815,
      -0.3750384682903515,
      0.28095627294878533,
      -0.9843917576917744,
      0.4022522297504846,
      0.29366277173043076,
      1.4174269395115788,
      0.8696943640678414,
      1.27643542127932,
      -0.9995269630766537,
      0.10101525445522097,
      1.4142135623730951,
      1.0217911429967192,
      0.5466442393519522,
      0.26493144121091583,
      0.5614262765227076,
      0.1484274748173475,
      -0.012911246997731588,
      0.30693487190248137
    ],
    "example-006": [
      -0.2991511386934844,
      -1.155332691351165,
      -0.2103483463317173,
      -1.137519891463367,
      -0.6176023809708712,
      -0.46451311343995794,
      -0.7601591034101014,
      -0.17775547946631984,
      -1.5602297877547449,
      0.0009295195367873816,
      -1.336400805595499,
      0.0801493641833344,
      0.28605514119369,
      1.4109831398475001,
      0.8496367109635189,
      1.2243391189547979,
      1.0302816388636276,
      -2.020305089104421,
      -0.7071067811865475,
      0.7562351142909176,
      0.7294010863148027,
      1.107081115144251,
      1.0333982190951616,
      0.9517844729810531,
      0.7736349143683963,
      0.5478726741995089
    ]
  }
}