{
  "cols": 5,
  "data": {
    "example-001": [
      1.0,
      0.024717028423325134,
      0.0,
      0.5233644563452788,
      0.8154072825336715
    ],
    "example-002": [
      0.024869293999842834,
      1.0,
      0.0,
      1.0,
      0.2078726427203619
    ],
    "example-003": [
      0.48770822979823053,
      0.0,
      0.0,
      0.43320899677594993,
      0.4060005675784969
    ],
    "example-004": [
      0.3331411637315598,
      0.0036294939591567446,
      0.0,
      0.8201224558827802,
      0.08115515088351533
    ],
    "example-005": [
      0.08305760488354003,
      0.0,
      0.40808914786625883,
      0.39595602045537814,
      0.12143419388497789
    ],
    "example-006": [
      0.45409553658655755,
      0.17380754499778564,
      0.0,
      0.8331308338257317,
      0.4695325425765418
    ]
  }
}